"Time (s)","Volts (mV)","Power (mW)","Remaining %"
"78","4138","8925","79"
"83","4141","8037","79"
"88","4149","7936","78"
"94","4141","8091","77"
"99","4155","7936","77"
"104","4129","7916","76"
"109","4121","8151","76"
"114","4115","7721","76"
"119","4121","8653","76"
"124","4136","7717","76"
"130","4109","8360","75"
"135","4112","7660","75"
"140","4120","8787","75"
"145","4109","8212","75"
"150","4131","8400","75"
"155","4123","7721","75"
"160","4089","8643","74"
"165","4113","7468","74"
"171","4120","8545","74"
"176","4118","7660","73"
"181","4120","8202","73"
"186","4109","7630","73"
"191","4113","8848","73"
"196","4114","7694","73"
"201","4103","7987","73"
"206","4122","7613","73"
"212","4098","8027","73"
"217","4116","7812","73"
"222","4090","7993","73"
"227","4095","7987","72"
"232","4107","7667","72"
"237","4117","7849","72"
"242","4106","7573","72"
"247","4096","8064","72"
"253","4088","7364","72"
"258","4096","8511","72"
"263","4098","7781","72"
"268","4104","8081","72"
"273","4096","7953","72"
"278","4090","8114","72"
"283","4091","8091","72"
"288","4099","7667","72"
"294","4091","7876","72"
"299","4080","8040","72"
"304","4096","8020","72"
"309","4098","8575","72"
"314","4104","8020","72"
"319","4093","8185","72"
"324","4106","8313","72"
"329","4115","8246","72"
"334","4120","7643","72"
"340","4081","8575","72"
"345","4106","8071","72"
"350","4114","8269","72"
"355","4083","7839","72"
"360","4115","8246","72"
"365","4104","7674","72"
"370","4097","8444","72"
"375","4109","7667","72"
"381","4101","8212","72"
"386","4107","7354","72"
"391","4094","7650","72"
"396","4114","8313","72"
"401","4115","7859","72"
"406","4081","8013","72"
"411","4109","7536","72"
"416","4099","7616","72"
"422","4104","7660","72"
"427","4089","7950","72"
"432","4089","8158","72"
"437","4091","7839","71"
"442","4094","7859","71"
"447","4091","7448","71"
"452","4097","7347","71"
"457","4086","8195","71"
"463","4087","7717","71"
"468","4076","7657","71"
"473","4094","7812","71"
"478","4091","7839","70"
"483","4073","8074","70"
"488","4110","7976","70"
"493","4105","7909","70"
"498","4076","8141","70"
"504","4087","7950","70"
"509","4094","8945","70"
"514","4065","8390","70"
"519","4084","8246","70"
"524","4086","8175","70"
"529","4078","7960","70"
"534","4089","8047","70"
"539","4084","8885","70"
"545","4081","8306","70"
"550","4056","8545","69"
"555","4072","8269","69"
"560","4051","8299","69"
"565","4058","7425","69"
"570","4085","7943","69"
"575","4058","7960","68"
"580","4051","8047","67"
"586","4034","7754","67"
"591","4064","7630","67"
"596","4066","7751","67"
"601","4043","7933","67"
"606","4064","7744","67"
"611","4050","7822","67"
"616","4062","7606","67"
"621","4072","7684","67"
"627","4090","7701","67"
"632","4062","8192","67"
"637","4054","7495","67"
"642","4059","7728","67"
"647","4056","7690","67"
"652","4070","7701","65"
"657","4040","7546","65"
"662","4042","8074","65"
"668","4055","8333","65"
"673","4061","7865","65"
"678","4075","8252","65"
"683","4058","7754","65"
"688","4035","8468","65"
"693","4059","8239","65"
"698","4061","8666","65"
"703","4072","7936","65"
"709","4066","8417","65"
"714","4051","7684","65"
"719","4050","8394","65"
"724","4064","7479","65"
"729","4059","7933","65"
"734","4042","7711","65"
"739","4066","8693","65"
"744","4066","8289","65"
"750","4051","8780","65"
"755","4064","7701","65"
"760","4043","8454","65"
"765","4059","7966","65"
"770","4061","7751","65"
"775","4026","7936","65"
"780","4059","8081","65"
"785","4061","8165","65"
"791","4066","8081","65"
"796","4035","7839","65"
"801","4035","7408","65"
"806","4067","8108","65"
"811","4051","8047","65"
"816","4055","8091","65"
"821","4046","7684","65"
"826","4056","7583","65"
"832","4048","7674","65"
"837","4059","7667","65"
"842","4055","7684","65"
"847","4061","8774","65"
"852","4059","7859","65"
"857","4035","8764","65"
"862","4055","7778","65"
"867","4055","8858","65"
"873","4045","7721","65"
"878","4043","8720","65"
"883","4029","7892","65"
"888","4053","8538","65"
"893","4063","7788","65"
"898","4067","8575","65"
"903","4051","8192","65"
"908","4035","8468","65"
"914","4042","7462","65"
"919","4034","8333","65"
"924","4050","8135","65"
"929","4038","8885","65"
"934","4045","7788","65"
"939","4035","7771","65"
"944","4019","7788","65"
"949","4022","7721","65"
"955","4016","8212","65"
"960","4051","7425","65"
"965","4032","8289","65"
"970","4032","7916","65"
"975","4034","8091","65"
"980","4051","8357","65"
"985","4016","8124","65"
"990","4059","8141","65"
"996","4029","8461","65"
"1001","4043","8091","65"
"1006","4064","7842","65"
"1011","4050","7919","65"
"1016","4046","7876","65"
"1021","4035","8252","65"
"1026","4050","8730","65"
"1031","4026","8340","65"
"1037","4030","8246","65"
"1042","4021","8175","65"
"1047","4043","8212","65"
"1052","4055","7997","65"
"1057","4034","8548","65"
"1062","4051","7606","65"
"1067","4050","8360","65"
"1072","4040","7950","65"
"1078","4053","8286","65"
"1083","4045","8091","65"
"1088","4050","7976","65"
"1093","4043","7892","65"
"1098","4040","8272","65"
"1103","4035","8165","65"
"1108","4050","8804","65"
"1113","4027","8330","65"
"1119","4050","7865","65"
"1124","4045","7717","65"
"1129","4040","7600","65"
"1134","4016","8074","65"
"1139","4029","8135","65"
"1144","4006","7916","65"
"1149","4013","7889","65"
"1154","4009","7970","65"
"1160","3998","8027","64"
"1165","4048","8020","64"
"1170","4040","8047","64"
"1175","4040","7960","64"
"1180","4035","7788","64"
"1185","4040","8478","64"
"1190","4038","8373","64"
"1195","4027","7744","64"
"1201","4037","7690","64"
"1206","4022","8074","64"
"1211","4024","8114","64"
"1216","4032","8643","64"
"1221","4037","8434","64"
"1226","4001","8868","63"
"1231","4033","7728","63"
"1236","4021","8229","63"
"1242","4033","7751","63"
"1247","4009","8347","63"
"1252","4025","7738","63"
"1257","4037","8653","63"
"1262","4027","7933","63"
"1267","4037","8696","63"
"1272","4024","7778","63"
"1277","4003","8841","63"
"1283","4053","7546","63"
"1288","4016","8256","63"
"1293","4044","7761","63"
"1298","4019","7876","63"
"1303","4044","7250","63"
"1308","4027","8316","63"
"1313","4010","7960","63"
"1318","4027","7953","63"
"1324","4023","7738","63"
"1329","4037","8168","63"
"1334","4037","7519","63"
"1339","4032","8299","63"
"1344","4032","8360","63"
"1349","3994","7970","63"
"1354","4019","7778","63"
"1359","4047","7751","63"
"1365","4035","7976","63"
"1370","4003","8013","63"
"1375","4043","7865","63"
"1380","4047","8212","63"
"1385","4008","8313","63"
"1390","4051","7953","63"
"1395","4055","8787","63"
"1400","4040","7872","63"
"1406","4035","8515","63"
"1411","4005","7751","63"
"1416","4038","8074","63"
"1421","4035","8114","63"
"1426","4029","9214","63"
"1431","4021","7872","63"
"1436","4030","8407","63"
"1441","4032","8027","63"
"1446","4029","8582","63"
"1452","4051","7452","63"
"1457","4045","8390","63"
"1462","4040","8108","63"
"1467","4037","8316","63"
"1472","4016","8098","63"
"1477","4022","8495","63"
"1482","4027","7751","63"
"1487","4022","7855","63"
"1493","4021","7761","63"
"1498","4026","7993","63"
"1503","4014","7744","63"
"1508","4016","7953","63"
"1513","4016","8935","63"
"1518","4026","8212","63"
"1523","4035","9685","63"
"1528","4005","7980","63"
"1534","4040","7297","63"
"1539","4043","7980","63"
"1544","4051","8225","63"
"1549","4026","7711","63"
"1554","4040","8246","63"
"1559","4030","7771","63"
"1564","4029","7993","63"
"1569","4013","7919","63"
"1575","4024","8892","63"
"1580","4022","8131","63"
"1585","4016","8848","63"
"1590","4048","8131","63"
"1595","4024","8548","63"
"1600","4040","7828","63"
"1605","4005","8468","63"
"1610","4026","8131","63"
"1616","4015","8316","63"
"1621","4046","7674","63"
"1626","4015","8013","63"
"1631","4026","8417","63"
"1636","3989","8572","63"
"1641","4038","10093","63"
"1646","4039","8488","63"
"1651","4026","8158","63"
"1657","4026","8653","63"
"1662","4028","7899","63"
"1667","4028","7997","63"
"1672","4028","8131","63"
"1677","4036","7798","63"
"1682","4033","8124","63"
"1687","4023","7943","63"
"1692","4038","8131","63"
"1698","4026","8151","63"
"1703","4042","8185","63"
"1708","4033","8272","63"
"1713","4023","7495","63"
"1718","4034","7606","63"
"1723","4025","7815","63"
"1728","4032","7754","63"
"1733","4022","8834","63"
"1739","4032","7933","63"
"1744","4054","7711","63"
"1749","4032","8804","63"
"1754","4032","8013","63"
"1759","4037","10241","63"
"1764","4049","8360","63"
"1769","4059","7744","63"
"1774","4049","8555","63"
"1780","4059","8037","63"
"1785","4049","8478","63"
"1790","4006","8124","63"
"1795","4049","8565","63"
"1800","4037","7889","63"
"1805","4020","8555","63"
"1810","4025","8168","63"
"1815","4001","8693","63"
"1821","4041","7458","63"
"1826","4032","8400","63"
"1831","4046","7926","63"
"1836","4040","8814","63"
"1841","4020","8098","63"
"1846","4024","8114","63"
"1851","4049","7859","63"
"1856","4038","7805","63"
"1862","4032","7448","63"
"1867","4038","8360","63"
"1872","4009","7569","63"
"1877","4035","8114","63"
"1882","4022","7842","63"
"1887","4049","8091","63"
"1892","4043","7892","63"
"1897","4041","8037","63"
"1903","4054","8306","63"
"1908","4027","8357","63"
"1913","4041","7859","63"
"1918","4041","7788","63"
"1923","4035","8272","63"
"1928","4045","8417","63"
"1933","4024","8696","63"
"1938","4043","7754","63"
"1943","4028","8599","63"
"1949","4011","7633","63"
"1954","4035","8565","63"
"1959","4038","7677","63"
"1964","4051","8538","63"
"1969","4056","8390","63"
"1974","4041","8929","63"
"1979","4016","8027","63"
"1984","4043","8989","63"
"1990","4069","7815","63"
"1995","4043","8407","63"
"2000","4075","8027","63"
"2005","4051","8357","63"
"2010","4069","7650","63"
"2015","4032","8209","63"
"2020","4063","7919","63"
"2025","4033","8454","63"
"2031","4059","7701","63"
"2036","4040","8003","63"
"2041","4058","8219","63"
"2046","4033","8124","63"
"2051","4059","7623","63"
"2056","4053","8013","63"
"2061","4054","7754","63"
"2066","4056","7993","63"
"2072","4050","8252","63"
"2077","3984","7892","63"
"2082","4039","7976","63"
"2087","4021","7690","63"
"2092","4034","8151","63"
"2097","4015","8141","63"
"2102","4031","8373","63"
"2107","4028","7966","63"
"2113","3996","8390","63"
"2118","4021","8013","63"
"2123","4028","8892","63"
"2128","4036","8141","63"
"2133","4023","8572","63"
"2138","4013","8262","63"
"2143","4021","8693","63"
"2148","4018","8158","63"
"2154","4015","8400","63"
"2159","4015","8427","63"
"2164","3981","7926","62"
"2169","4026","7892","62"
"2174","4018","8488","62"
"2179","4015","7976","62"
"2184","4026","8575","62"
"2189","4038","7728","62"
"2195","3994","7960","62"
"2200","4010","7805","62"
"2205","4015","7832","62"
"2210","4005","8373","62"
"2215","4002","7781","62"
"2220","4015","8229","62"
"2225","4015","8592","62"
"2230","4002","8299","62"
"2236","4023","7781","62"
"2241","4007","7495","62"
"2246","4015","7933","61"
"2251","4015","7721","61"
"2256","3990","8158","61"
"2261","4008","7966","61"
"2266","3995","7425","61"
"2271","4010","7754","61"
"2277","4026","8114","61"
"2282","4005","8683","61"
"2287","4007","7761","61"
"2292","4019","8649","61"
"2297","4002","7976","61"
"2302","4005","8606","61"
"2307","4032","8367","61"
"2312","4005","8272","61"
"2318","4027","7919","61"
"2323","3987","8239","61"
"2328","4010","8333","61"
"2333","4011","8962","61"
"2338","4011","8330","61"
"2343","3994","8686","61"
"2348","4000","8340","61"
"2353","3970","7919","61"
"2359","3987","8151","61"
"2364","4018","8357","61"
"2369","3978","7805","61"
"2374","4000","8316","61"
"2379","4005","7616","61"
"2384","4011","7960","61"
"2389","3990","7933","61"
"2394","4005","8400","61"
"2400","4010","8003","61"
"2405","4002","7839","61"
"2410","4011","7751","60"
"2415","4000","8279","60"
"2420","3990","7876","60"
"2425","4010","8081","60"
"2430","4040","7781","60"
"2435","4035","7684","60"
"2441","3996","7993","60"
"2446","3999","7889","60"
"2451","4020","7778","60"
"2456","3999","7933","60"
"2461","4019","8373","60"
"2466","3986","8074","60"
"2471","4020","8606","60"
"2476","4019","7788","60"
"2482","3990","8340","60"
"2487","3999","7798","60"
"2492","4019","8511","60"
"2497","4003","7442","60"
"2502","3986","8390","60"
"2507","4017","7431","60"
"2512","4001","8817","60"
"2517","4006","7916","60"
"2523","4014","8347","60"
"2528","4003","7475","60"
"2533","3980","8316","60"
"2538","4019","7684","60"
"2543","4014","8952","60"
"2548","4000","7966","60"
"2553","4027","8114","60"
"2558","4030","7980","60"
"2563","4026","8256","60"
"2569","4026","7899","60"
"2574","4000","8299","60"
"2579","4029","8124","60"
"2584","4000","7771","60"
"2589","4009","7519","60"
"2594","4017","7865","60"
"2599","4006","7876","60"
"2605","4014","7768","60"
"2610","4017","8013","60"
"2615","4006","7933","60"
"2620","4006","8081","60"
"2625","4016","7512","60"
"2630","3995","8202","60"
"2635","4003","7812","60"
"2640","4021","8952","60"
"2645","4024","7953","60"
"2651","3993","8643","60"
"2656","4009","7778","60"
"2661","4005","8908","60"
"2666","3997","8091","60"
"2671","4000","8424","60"
"2676","3995","7953","60"
"2681","4002","8925","60"
"2686","4011","7771","60"
"2692","3999","8710","60"
"2697","4011","7717","60"
"2702","4011","8545","60"
"2707","4002","7738","60"
"2712","4000","8521","60"
"2717","4011","7889","60"
"2722","3990","7997","60"
"2727","4011","7849","60"
"2733","3981","7778","60"
"2738","4018","7943","60"
"2743","4003","7431","60"
"2748","4011","8417","60"
"2753","4019","7495","60"
"2758","4000","8289","60"
"2763","4011","7865","60"
"2768","3997","8064","58"
"2774","4011","7781","58"
"2779","4000","8135","58"
"2784","4002","8124","58"
"2789","3979","8047","58"
"2794","3998","7798","58"
"2799","3994","7976","58"
"2804","3974","7768","58"
"2809","3998","8135","58"
"2815","4005","7899","58"
"2820","3997","8262","58"
"2825","4016","7569","58"
"2830","4005","8720","58"
"2835","4002","7849","58"
"2840","3973","8047","58"
"2845","3990","7458","58"
"2850","3971","8027","58"
"2856","4002","7892","58"
"2861","3997","8357","58"
"2866","3997","8262","58"
"2871","4010","8347","58"
"2876","3974","8252","58"
"2881","4002","8373","58"
"2886","4000","8013","58"
"2891","3981","8340","58"
"2897","4003","8225","58"
"2902","3952","8394","58"
"2907","3988","8151","58"
"2912","3991","7805","58"
"2917","3978","7509","58"
"2922","3999","8141","58"
"2927","3984","7805","58"
"2932","3981","7839","58"
"2938","3972","7458","58"
"2943","3999","7596","58"
"2948","3996","8347","58"
"2953","3968","7815","58"
"2958","3981","8124","58"
"2963","3988","7677","58"
"2968","3986","8081","58"
"2973","3994","8367","58"
"2979","3986","7324","58"
"2984","3994","8212","58"
"2989","3986","7997","58"
"2994","3994","8286","58"
"2999","3988","8279","58"
"3004","3983","7492","58"
"3009","3988","8962","58"
"3014","3984","8064","58"
"3020","4007","8774","58"
"3025","4003","7812","58"
"3030","3994","8229","58"
"3035","4008","8101","58"
"3040","3989","12000","58"
"3045","4007","8373","58"
"3050","3990","8347","58"
"3055","3995","7950","58"
"3061","3997","8357","58"
"3066","3998","7771","58"
"3071","4007","7717","58"
"3076","3992","7906","58"
"3081","3987","7822","58"
"3086","4007","7987","58"
"3091","3987","8461","58"
"3096","3994","7906","58"
"3102","4005","8027","58"
"3107","3998","7630","58"
"3112","3986","8229","58"
"3117","4007","8256","58"
"3122","4007","7771","58"
"3127","4007","8013","58"
"3132","3973","7987","58"
"3137","3988","8131","58"
"3143","3978","8141","58"
"3148","3978","8013","58"
"3153","3996","8195","58"
"3158","3997","8225","58"
"3163","4005","8010","58"
"3168","4013","8565","58"
"3173","4002","7781","58"
"3178","3997","8239","58"
"3183","4001","7839","58"
"3189","3996","8262","58"
"3194","3983","8316","58"
"3199","3992","8545","58"
"3204","4005","7788","58"
"3209","3996","9685","58"
"3214","4009","7812","58"
"3219","3991","8548","58"
"3224","3992","8175","58"
"3230","4010","9245","58"
"3235","4009","7754","58"
"3240","3997","8360","58"
"3245","3991","7876","58"
"3250","4005","8394","58"
"3255","3998","7822","58"
"3260","3981","8178","58"
"3265","3994","7778","58"
"3271","3994","7761","58"
"3276","4010","8649","58"
"3281","3989","7815","58"
"3286","3997","7690","58"
"3291","4002","7701","58"
"3296","4002","7976","58"
"3301","4002","7805","58"
"3306","4003","8333","58"
"3312","3998","8013","58"
"3317","3994","7452","58"
"3322","3990","8101","58"
"3327","3973","8124","58"
"3332","3992","7778","58"
"3337","3963","8316","58"
"3342","3998","7933","58"
"3347","4007","8135","58"
"3353","3968","7495","58"
"3358","3987","8286","58"
"3363","3989","8010","58"
"3368","3989","8797","58"
"3373","4011","8209","58"
"3378","4011","8754","58"
"3383","3993","7842","58"
"3388","3995","8538","58"
"3394","3985","8316","58"
"3399","3998","8114","58"
"3404","3990","7872","58"
"3409","3977","8064","58"
"3414","3985","8124","58"
"3419","3988","8770","58"
"3424","3987","8151","58"
"3429","3980","8962","58"
"3435","4000","7993","58"
"3440","4006","7976","58"
"3445","3980","8151","58"
"3450","3990","7596","58"
"3455","3980","8357","58"
"3460","3990","8622","58"
"3465","3998","8165","58"
"3470","3990","7805","58"
"3475","4011","7788","58"
"3481","3980","7660","58"
"3486","3972","7522","58"
"3491","4009","8373","58"
"3496","4000","7778","58"
"3501","4011","7754","58"
"3506","4014","8720","58"
"3511","3976","8219","58"
"3516","4008","7717","58"
"3522","3984","7876","58"
"3527","4013","7569","58"
"3532","4000","8373","58"
"3537","4024","8101","58"
"3542","4011","8272","58"
"3547","4009","8091","58"
"3552","4005","8666","58"
"3557","4018","8373","58"
"3563","3976","7815","58"
"3568","4013","8505","58"
"3573","4018","8407","58"
"3578","3993","8730","58"
"3583","4001","8158","58"
"3588","4011","8417","58"
"3593","4011","8394","58"
"3598","4018","8064","58"
"3604","4014","7788","58"
"3609","3985","8424","58"
"3614","3986","7865","58"
"3619","3994","8306","58"
"3624","4004","7761","58"
"3629","3966","8360","58"
"3634","3985","7485","58"
"3639","3974","8158","58"
"3645","4004","7462","58"
"3650","3982","7643","58"
"3655","3986","7936","58"
"3660","3991","7892","58"
"3665","3977","7849","58"
"3670","3978","8071","58"
"3675","3982","8659","58"
"3680","3964","7997","58"
"3686","3983","7970","58"
"3691","3953","8168","58"
"3696","3990","8178","58"
"3701","3967","8151","58"
"3706","3990","7859","58"
"3711","3982","7694","58"
"3716","3975","8582","58"
"3721","3994","7993","58"
"3727","3977","8360","58"
"3732","3977","7431","58"
"3737","3976","8390","58"
"3742","3971","8367","58"
"3747","3972","8848","58"
"3752","3966","7771","58"
"3757","3932","8659","57"
"3762","3953","7781","57"
"3768","3968","8824","57"
"3773","3963","7859","57"
"3778","3984","8797","57"
"3783","3953","7987","57"
"3788","3972","8713","57"
"3793","3980","7795","57"
"3798","3945","7539","57"
"3803","3980","7849","57"
"3808","3985","8360","57"
"3814","3968","8427","57"
"3819","3976","8151","57"
"3824","3966","7435","57"
"3829","3976","7553","57"
"3834","3968","7788","57"
"3839","3988","7906","57"
"3844","3973","8461","57"
"3849","3970","7936","57"
"3855","3962","7553","57"
"3860","3962","7751","57"
"3865","3957","8192","57"
"3870","3972","8037","57"
"3875","3960","8135","57"
"3880","3965","7771","57"
"3885","3957","7771","57"
"3890","3965","7815","57"
"3896","3949","8713","57"
"3901","3972","8151","57"
"3906","3960","9077","57"
"3911","3970","7452","57"
"3916","3962","8592","57"
"3921","3954","7987","57"
"3926","3960","8945","57"
"3931","3962","8135","57"
"3937","3960","8098","57"
"3942","3951","7815","57"
"3947","3960","8074","57"
"3952","3962","7643","57"
"3957","3954","8360","57"
"3962","3980","7980","57"
"3967","3985","8347","57"
"3972","3985","7815","57"
"3978","3959","7892","57"
"3983","3967","8256","57"
"3988","3964","7462","57"
"3993","3974","8185","57"
"3998","3967","7993","57"
"4003","3974","8360","57"
"4008","3964","7822","57"
"4013","3962","8357","57"
"4019","3961","8185","57"
"4024","3948","8037","57"
"4029","3982","8252","57"
"4034","3975","7943","57"
"4039","3975","8165","57"
"4044","3983","8357","57"
"4049","3990","8091","57"
"4054","3966","8141","57"
"4060","3980","7751","57"
"4065","3967","7993","57"
"4070","3956","7812","57"
"4075","3962","8754","57"
"4080","3986","8148","57"
"4085","3965","8834","57"
"4090","3965","8340","57"
"4095","3973","8306","57"
"4100","3976","8074","57"
"4106","3984","8256","57"
"4111","3954","8390","56"
"4116","3957","8461","56"
"4121","3958","8010","56"
"4126","3965","8606","56"
"4131","3971","8135","56"
"4136","3952","9420","56"
"4142","3992","8225","56"
"4147","3958","8390","56"
"4152","3986","7993","56"
"4157","3939","8347","56"
"4162","3939","8347","56"
"4167","3958","7822","56"
"4172","3986","7933","56"
"4177","3960","7812","56"
"4183","3952","8289","56"
"4188","3949","7761","56"
"4193","3960","7980","56"
"4198","3965","7980","56"
"4203","3943","7556","56"
"4208","3962","8390","56"
"4213","3965","7781","56"
"4218","3980","8400","56"
"4223","3956","7997","56"
"4229","3952","8054","56"
"4234","3946","8316","56"
"4239","3952","7650","56"
"4244","3962","7623","56"
"4249","3951","7778","56"
"4254","3954","8858","56"
"4259","3962","8229","56"
"4264","3954","8373","56"
"4270","3967","7458","56"
"4275","3939","10439","56"
"4280","3943","7889","56"
"4285","3952","8686","56"
"4290","3962","7916","56"
"4295","3962","8548","56"
"4300","3943","7761","56"
"4305","3962","8592","56"
"4311","3946","7916","56"
"4316","3930","8330","56"
"4321","3949","7448","55"
"4326","3941","9003","55"
"4331","3948","7633","55"
"4336","3922","8488","55"
"4341","3957","7728","55"
"4346","3930","8071","55"
"4352","3952","8390","54"
"4357","3946","7522","54"
"4362","3951","7865","54"
"4367","3948","7761","54"
"4372","3940","8269","54"
"4377","3957","8202","54"
"4382","3935","7832","54"
"4387","3920","7573","54"
"4393","3944","8306","54"
"4398","3949","7839","54"
"4403","3948","7778","54"
"4408","3919","7795","54"
"4413","3954","7616","54"
"4418","3951","7721","54"
"4423","3935","7849","54"
"4428","3948","8010","54"
"4433","3940","8394","54"
"4439","3940","7771","54"
"4444","3953","8713","54"
"4449","3950","7970","54"
"4454","3919","8495","54"
"4459","3943","8165","54"
"4464","3940","8929","54"
"4469","3948","8131","54"
"4474","3954","8649","54"
"4480","3956","7987","54"
"4485","3945","8256","54"
"4490","3943","8347","54"
"4495","3953","8592","54"
"4500","3954","8013","54"
"4505","3953","8918","54"
"4510","3948","8330","54"
"4515","3943","8367","54"
"4521","3941","7519","54"
"4526","3921","8168","54"
"4531","3937","7633","54"
"4536","3948","7822","54"
"4541","3932","8360","54"
"4546","3948","7408","54"
"4551","3945","7721","54"
"4556","3961","7926","54"
"4562","3953","8360","54"
"4567","3935","7842","54"
"4572","3956","8064","54"
"4577","3922","8202","54"
"4582","3953","8141","54"
"4587","3946","7684","54"
"4592","3937","8010","54"
"4597","3937","8135","54"
"4603","3935","7980","54"
"4608","3945","7596","54"
"4613","3922","8747","54"
"4618","3924","7751","54"
"4623","3956","8747","54"
"4628","3953","8148","54"
"4633","3940","8054","54"
"4638","3924","7690","54"
"4644","3953","8289","54"
"4649","3935","7842","54"
"4654","3949","8347","54"
"4659","3958","8256","54"
"4664","3932","8865","54"
"4669","3920","7788","53"
"4674","3935","8286","53"
"4679","3923","8340","53"
"4685","3935","8558","53"
"4690","3931","8135","52"
"4695","3898","8979","52"
"4700","3922","7926","52"
"4705","3927","7781","52"
"4710","3919","7660","52"
"4715","3907","7778","52"
"4720","3925","7684","52"
"4725","3919","7859","52"
"4731","3915","7788","51"
"4736","3923","7754","51"
"4741","3922","7418","51"
"4746","3914","8451","51"
"4751","3915","8296","51"
"4756","3935","10039","51"
"4761","3915","7717","51"
"4766","3919","7754","51"
"4772","3940","7425","51"
"4777","3915","7795","51"
"4782","3909","7771","51"
"4787","3911","8424","51"
"4792","3919","7839","51"
"4797","3906","8686","51"
"4802","3927","8565","51"
"4807","3935","8135","51"
"4813","3922","8390","51"
"4818","3893","7839","51"
"4823","3901","8360","51"
"4828","3909","7943","51"
"4833","3920","8360","51"
"4838","3911","7751","51"
"4843","3925","8407","51"
"4848","3898","7418","51"
"4854","3904","8256","51"
"4859","3919","7889","51"
"4864","3911","8865","50"
"4869","3909","7865","50"
"4874","3922","9938","50"
"4879","3906","7761","50"
"4884","3885","8390","50"
"4889","3911","7933","50"
"4895","3893","8135","50"
"4900","3921","8373","50"
"4905","3911","7832","50"
"4910","3926","7815","50"
"4915","3908","7997","50"
"4920","3931","7492","50"
"4925","3900","7842","50"
"4930","3900","8367","50"
"4935","3902","7839","50"
"4941","3905","7761","50"
"4946","3883","7849","50"
"4951","3926","7468","50"
"4956","3911","8027","50"
"4961","3910","8064","50"
"4966","3905","7926","50"
"4971","3908","7728","50"
"4976","3910","7788","50"
"4982","3887","8316","50"
"4987","3916","8108","50"
"4992","3913","9420","50"
"4997","3916","8020","50"
"5002","3913","8165","50"
"5007","3907","7899","50"
"5012","3899","8582","50"
"5017","3907","8306","50"
"5023","3917","9275","50"
"5028","3923","7660","50"
"5033","3920","8047","50"
"5038","3890","8047","50"
"5043","3895","8908","50"
"5048","3896","8424","50"
"5053","3888","8632","50"
"5058","3909","7761","50"
"5064","3896","8885","50"
"5069","3883","7815","50"
"5074","3914","7805","50"
"5079","3909","8417","50"
"5084","3896","7865","50"
"5089","3907","7849","50"
"5094","3899","7778","50"
"5099","3907","7751","50"
"5105","3877","7684","50"
"5110","3917","8256","49"
"5115","3904","8511","49"
"5120","3898","7822","49"
"5125","3896","7778","49"
"5130","3896","7889","49"
"5135","3909","8165","49"
"5140","3922","8316","49"
"5146","3940","7960","49"
"5151","3935","7768","49"
"5156","3922","8165","49"
"5161","3922","8622","49"
"5166","3924","7606","49"
"5171","3940","8400","49"
"5176","3911","7788","49"
"5181","3924","8636","49"
"5187","3909","7690","49"
"5192","3921","8333","49"
"5197","3929","8350","49"
"5202","3887","8730","49"
"5207","3916","8037","49"
"5212","3940","8565","49"
"5217","3908","8272","49"
"5222","3922","8444","49"
"5228","3922","8168","49"
"5233","3930","8686","49"
"5238","3932","8108","49"
"5243","3909","8693","49"
"5248","3918","7876","49"
"5253","3918","8693","49"
"5258","3922","8135","49"
"5263","3909","7778","49"
"5268","3918","7993","49"
"5274","3897","8340","49"
"5279","3909","7815","49"
"5284","3905","7458","49"
"5289","3901","7876","49"
"5294","3927","7987","49"
"5299","3918","8360","49"
"5304","3914","7815","49"
"5309","3906","7889","49"
"5315","3914","7744","49"
"5320","3908","7431","49"
"5325","3914","8202","49"
"5330","3898","7993","49"
"5335","3921","8269","49"
"5340","3906","7600","49"
"5345","3914","8252","49"
"5350","3922","9144","49"
"5356","3919","7754","49"
"5361","3926","8347","49"
"5366","3911","8185","49"
"5371","3894","8424","49"
"5376","3904","8131","49"
"5381","3886","8545","49"
"5386","3896","8124","49"
"5391","3880","8693","49"
"5397","3874","7761","49"
"5402","3898","8151","49"
"5407","3867","7768","49"
"5412","3893","8340","49"
"5417","3898","7694","49"
"5422","3885","8710","49"
"5427","3883","8333","49"
"5433","3894","8555","49"
"5438","3893","7970","49"
"5443","3883","8229","49"
"5448","3870","7778","49"
"5453","3874","8272","49"
"5458","3891","8098","49"
"5463","3864","8124","49"
"5468","3883","7980","49"
"5474","3903","7980","49"
"5479","3898","7788","49"
"5484","3875","7805","49"
"5489","3904","8272","49"
"5494","3880","8054","49"
"5499","3883","7701","49"
"5504","3880","7768","49"
"5509","3883","8360","49"
"5514","3870","8027","49"
"5520","3884","7805","49"
"5525","3884","7633","49"
"5530","3888","8653","49"
"5535","3881","7485","49"
"5540","3876","8659","49"
"5545","3875","7778","49"
"5550","3891","8340","49"
"5555","3884","7960","49"
"5561","3872","8720","49"
"5566","3892","7462","49"
"5571","3883","8895","49"
"5576","3904","8124","49"
"5581","3880","8764","49"
"5586","3870","7640","49"
"5591","3884","8468","49"
"5596","3891","7553","49"
"5602","3872","8064","49"
"5607","3873","8377","47"
"5612","3865","8114","47"
"5617","3867","8360","47"
"5622","3876","7751","47"
"5627","3862","8272","47"
"5632","3849","7728","47"
"5638","3871","7798","47"
"5643","3875","7778","47"
"5648","3868","7573","47"
"5653","3881","7812","47"
"5658","3871","8114","47"
"5663","3870","8037","47"
"5668","3871","7960","47"
"5673","3859","7734","47"
"5679","3867","8114","47"
"5684","3857","7425","47"
"5689","3860","7966","47"
"5694","3865","8299","47"
"5699","3870","8683","47"
"5704","3857","7479","47"
"5709","3867","8239","46"
"5714","3859","7600","46"
"5720","3854","8451","46"
"5725","3893","7798","46"
"5730","3892","8515","46"
"5735","3881","7754","46"
"5740","3889","8316","46"
"5745","3902","8168","46"
"5750","3892","8360","46"
"5755","3903","7812","46"
"5760","3887","8720","46"
"5766","3885","7512","46"
"5771","3897","8935","46"
"5776","3892","8202","46"
"5781","3913","8599","46"
"5786","3885","8202","46"
"5791","3897","7613","46"
"5796","3893","8417","46"
"5801","3897","7839","46"
"5807","3879","8168","46"
"5812","3882","8185","46"
"5817","3889","7832","46"
"5822","3908","7839","46"
"5827","3897","7751","46"
"5832","3868","7919","46"
"5837","3897","7768","46"
"5842","3872","7889","46"
"5848","3871","7916","46"
"5853","3880","7815","46"
"5858","3874","7556","46"
"5863","3855","8484","46"
"5868","3879","8037","46"
"5873","3859","8269","46"
"5878","3872","7761","46"
"5883","3900","7950","46"
"5889","3872","8565","46"
"5894","3864","8313","46"
"5899","3885","8417","46"
"5904","3892","7832","46"
"5909","3855","8040","46"
"5914","3898","8074","46"
"5919","3885","8279","46"
"5924","3866","8340","46"
"5930","3863","8696","46"
"5935","3871","8054","46"
"5940","3872","8653","46"
"5945","3869","7684","46"
"5950","3871","8918","46"
"5955","3893","7613","46"
"5960","3860","8478","46"
"5965","3891","7431","46"
"5971","3865","7936","46"
"5976","3878","7865","46"
"5981","3852","8545","46"
"5986","3875","7812","46"
"5991","3843","8394","46"
"5996","3864","7822","46"
"6001","3873","8148","46"
"6006","3872","7509","46"
"6012","3864","8306","46"
"6017","3865","7744","45"
"6022","3859","8131","45"
"6027","3881","7458","45"
"6032","3835","7839","45"
"6037","3854","7754","45"
"6042","3854","8299","45"
"6047","3872","8824","45"
"6053","3881","7630","45"
"6058","3856","7997","45"
"6063","3870","8037","45"
"6068","3869","8360","45"
"6073","3865","8037","45"
"6078","3870","8400","45"
"6083","3857","8131","45"
"6088","3868","8135","45"
"6094","3867","7970","45"
"6099","3847","8764","45"
"6104","3846","7805","45"
"6109","3860","8831","45"
"6114","3857","7778","45"
"6119","3859","7993","45"
"6124","3859","7479","45"
"6129","3854","8202","45"
"6135","3847","8239","45"
"6140","3870","9110","45"
"6145","3870","8454","45"
"6150","3859","7815","45"
"6155","3847","7701","45"
"6160","3855","7933","45"
"6165","3871","8340","45"
"6170","3844","8108","45"
"6176","3875","7960","45"
"6181","3842","7781","45"
"6186","3860","8743","44"
"6191","3847","7859","44"
"6196","3833","7690","44"
"6201","3838","7579","44"
"6206","3844","7822","43"
"6211","3838","8108","43"
"6217","3828","8330","43"
"6222","3840","7865","43"
"6227","3832","8219","43"
"6232","3828","7778","42"
"6237","3830","8124","42"
"6242","3840","7744","42"
"6247","3830","8148","42"
"6252","3814","8424","42"
"6258","3820","8743","42"
"6263","3841","7674","42"
"6268","3820","8316","42"
"6273","3844","8340","42"
"6278","3825","9083","42"
"6283","3838","8269","42"
"6288","3835","8054","42"
"6293","3838","7812","42"
"6299","3838","8330","42"
"6304","3844","7458","42"
"6309","3840","8178","42"
"6314","3833","7701","42"
"6319","3833","8925","42"
"6324","3838","8454","42"
"6329","3835","8606","42"
"6334","3819","7953","42"
"6339","3848","7754","42"
"6345","3833","8357","42"
"6350","3817","7667","42"
"6355","3840","7889","42"
"6360","3822","7976","42"
"6365","3849","7980","42"
"6370","3840","8582","42"
"6375","3811","8350","42"
"6380","3838","7442","42"
"6386","3851","7674","42"
"6391","3835","8151","42"
"6396","3843","8219","42"
"6401","3843","8131","42"
"6406","3823","7751","42"
"6411","3833","7795","42"
"6416","3815","7987","42"
"6421","3838","7805","42"
"6427","3833","7997","42"
"6432","3812","7899","42"
"6437","3840","8373","42"
"6442","3838","8269","42"
"6447","3838","8858","42"
"6452","3846","8575","42"
"6457","3832","8649","42"
"6462","3820","8653","42"
"6468","3843","8538","42"
"6473","3792","8272","42"
"6478","3820","8390","42"
"6483","3819","8212","42"
"6488","3832","8659","42"
"6493","3830","7812","42"
"6498","3832","8444","42"
"6503","3817","7906","42"
"6509","3801","9221","42"
"6514","3825","7606","42"
"6519","3814","7926","42"
"6524","3809","8135","42"
"6529","3819","7728","42"
"6534","3830","7418","42"
"6539","3820","7768","42"
"6544","3817","7960","42"
"6550","3827","8185","42"
"6555","3830","7815","42"
"6560","3830","7993","42"
"6565","3836","8020","42"
"6570","3824","8071","42"
"6575","3835","8165","42"
"6580","3825","8165","42"
"6585","3825","7754","42"
"6591","3851","7970","42"
"6596","3833","7734","42"
"6601","3820","7435","42"
"6606","3817","8185","42"
"6611","3827","8269","42"
"6616","3836","8316","42"
"6621","3838","7795","42"
"6626","3824","8730","42"
"6632","3836","8027","42"
"6637","3808","8622","42"
"6642","3835","8010","42"
"6647","3820","8047","42"
"6652","3833","7462","42"
"6657","3838","8666","42"
"6662","3833","7633","42"
"6667","3830","8575","42"
"6672","3817","7468","41"
"6678","3815","9016","41"
"6683","3809","8330","41"
"6688","3819","9050","41"
"6693","3833","7892","41"
"6698","3819","8979","41"
"6703","3819","7761","41"
"6708","3799","8306","41"
"6713","3798","7980","41"
"6719","3823","7906","41"
"6724","3827","8246","41"
"6729","3827","7778","41"
"6734","3833","8135","41"
"6739","3812","7997","41"
"6744","3835","8468","41"
"6749","3814","7435","41"
"6755","3827","7761","41"
"6760","3827","8246","41"
"6765","3833","8091","41"
"6770","3823","7872","41"
"6775","3809","8239","41"
"6780","3812","7717","41"
"6785","3818","8609","41"
"6790","3819","8192","41"
"6795","3799","8693","41"
"6801","3819","7781","41"
"6806","3807","8394","41"
"6811","3821","8219","41"
"6816","3819","8424","41"
"6821","3811","7728","41"
"6826","3829","8195","41"
"6831","3826","8131","41"
"6836","3802","8710","41"
"6842","3832","8289","41"
"6847","3811","8407","41"
"6852","3824","7418","41"
"6857","3826","8770","41"
"6862","3802","8360","41"
"6867","3815","8373","41"
"6872","3813","8108","40"
"6877","3816","8895","40"
"6883","3810","7721","40"
"6888","3815","7630","40"
"6893","3808","7754","40"
"6898","3819","8114","40"
"6903","3809","7889","40"
"6908","3813","8010","40"
"6913","3805","8158","40"
"6918","3816","7832","40"
"6924","3806","8495","39"
"6929","3806","7667","39"
"6934","3782","8272","39"
"6939","3822","7590","39"
"6944","3803","8013","39"
"6949","3792","8286","39"
"6954","3801","8390","39"
"6959","3803","7761","39"
"6965","3821","8202","39"
"6970","3798","8108","39"
"6975","3824","8330","39"
"6980","3798","8289","39"
"6985","3816","8468","39"
"6990","3813","7728","39"
"6995","3792","8434","39"
"7000","3801","7839","39"
"7006","3808","8272","39"
"7011","3816","7970","39"
"7016","3826","8787","39"
"7021","3827","8330","39"
"7026","3819","8427","39"
"7031","3817","8289","39"
"7036","3812","8558","39"
"7041","3822","7865","39"
"7047","3817","8892","39"
"7052","3827","8279","39"
"7057","3827","8565","39"
"7062","3825","8246","39"
"7067","3822","8454","39"
"7072","3817","7909","39"
"7077","3799","7960","39"
"7082","3801","7425","39"
"7087","3806","7690","39"
"7093","3812","7579","39"
"7098","3814","8488","39"
"7103","3811","7805","39"
"7108","3814","8626","39"
"7113","3830","7812","39"
"7118","3807","7795","39"
"7123","3820","8468","39"
"7128","3814","8141","39"
"7134","3822","7569","39"
"7139","3775","8168","39"
"7144","3823","7993","39"
"7149","3822","8202","39"
"7154","3788","8269","39"
"7159","3822","8074","39"
"7164","3809","8895","39"
"7169","3809","8040","39"
"7175","3822","8986","39"
"7180","3831","7744","39"
"7185","3801","8427","39"
"7190","3828","7795","39"
"7195","3796","8407","39"
"7200","3785","8124","39"
"7205","3831","8010","39"
"7210","3810","7872","39"
"7216","3801","8804","39"
"7221","3806","7795","39"
"7226","3796","8824","39"
"7231","3822","7751","39"
"7236","3806","8316","39"
"7241","3819","7431","39"
"7246","3809","9040","39"
"7251","3809","8114","39"
"7257","3779","7849","39"
"7262","3800","7980","39"
"7267","3792","7512","39"
"7272","3818","7717","39"
"7277","3792","8091","39"
"7282","3775","8333","39"
"7287","3807","7943","39"
"7292","3823","7906","39"
"7298","3796","7613","39"
"7303","3807","8357","39"
"7308","3794","7738","39"
"7313","3820","7579","39"
"7318","3812","7734","39"
"7323","3781","7812","39"
"7328","3797","7832","39"
"7333","3810","8192","39"
"7339","3796","8131","39"
"7344","3815","8252","39"
"7349","3805","7933","39"
"7354","3804","8202","39"
"7359","3810","7933","39"
"7364","3804","8918","39"
"7369","3821","8565","39"
"7374","3808","8747","39"
"7380","3780","7754","39"
"7385","3819","8548","39"
"7390","3822","8269","39"
"7395","3812","8495","39"
"7400","3803","8037","39"
"7405","3799","8340","39"
"7410","3801","7980","39"
"7415","3796","8548","39"
"7421","3796","7781","39"
"7426","3817","8299","39"
"7431","3812","7690","39"
"7436","3788","8027","39"
"7441","3809","7781","39"
"7446","3795","7839","39"
"7451","3798","8289","39"
"7456","3793","7960","39"
"7462","3801","8229","39"
"7467","3799","7966","39"
"7472","3796","7980","39"
"7477","3790","8114","39"
"7482","3772","7950","39"
"7487","3782","8114","39"
"7492","3801","8330","39"
"7497","3817","7970","39"
"7503","3790","7781","39"
"7508","3804","7916","39"
"7513","3809","8165","39"
"7518","3787","7754","39"
"7523","3785","7788","39"
"7528","3804","8151","39"
"7533","3813","8286","39"
"7538","3785","8114","39"
"7543","3808","8848","39"
"7549","3806","7805","39"
"7554","3790","8330","39"
"7559","3804","8141","39"
"7564","3792","8925","39"
"7569","3787","8787","39"
"7574","3792","8239","39"
"7579","3780","8606","38"
"7585","3792","8417","38"
"7590","3780","8202","38"
"7595","3780","8330","38"
"7600","3782","7795","38"
"7605","3798","8686","38"
"7610","3800","8165","38"
"7615","3786","8195","38"
"7620","3810","7479","38"
"7625","3815","8229","38"
"7631","3815","7960","38"
"7636","3810","7899","38"
"7641","3784","7771","38"
"7646","3788","7822","38"
"7651","3763","7812","38"
"7656","3791","7882","38"
"7661","3789","8289","38"
"7666","3791","7781","38"
"7672","3794","7556","38"
"7677","3770","8360","38"
"7682","3794","8013","38"
"7687","3797","8124","38"
"7692","3805","8296","38"
"7697","3805","8091","38"
"7702","3792","8478","38"
"7708","3781","7660","38"
"7713","3815","8488","38"
"7718","3802","7953","38"
"7723","3799","8686","38"
"7728","3797","8131","38"
"7733","3800","8313","38"
"7738","3815","7798","38"
"7743","3788","8918","38"
"7748","3781","7435","38"
"7754","3810","8434","38"
"7759","3788","7485","38"
"7764","3789","8394","38"
"7769","3799","7761","38"
"7774","3788","8757","38"
"7779","3804","7936","38"
"7784","3788","7872","38"
"7789","3812","7761","38"
"7795","3781","8333","38"
"7800","3778","7583","38"
"7805","3775","8141","38"
"7810","3788","8114","38"
"7815","3792","7788","38"
"7820","3789","7734","38"
"7825","3797","7892","38"
"7831","3786","8313","38"
"7836","3788","7728","38"
"7841","3790","8252","38"
"7846","3805","7728","38"
"7851","3806","8239","38"
"7856","3798","7734","38"
"7861","3784","8316","38"
"7866","3806","7754","38"
"7872","3785","8340","38"
"7877","3802","8195","38"
"7882","3792","8400","38"
"7887","3781","7596","38"
"7892","3798","8484","38"
"7897","3793","7993","38"
"7902","3802","8895","38"
"7907","3806","7788","38"
"7913","3806","8360","38"
"7918","3787","7815","38"
"7923","3792","8797","38"
"7928","3785","8020","38"
"7933","3798","8757","38"
"7938","3785","7872","38"
"7943","3798","8427","38"
"7948","3806","7960","38"
"7954","3785","8333","38"
"7959","3789","7865","38"
"7964","3777","7859","38"
"7969","3768","7728","38"
"7974","3781","7778","38"
"7979","3784","8212","38"
"7984","3774","7425","38"
"7989","3785","7832","38"
"7995","3779","7721","37"
"8000","3790","7950","37"
"8005","3781","8202","37"
"8010","3756","8098","37"
"8015","3761","7812","37"
"8020","3761","8114","37"
"8025","3777","7798","37"
"8030","3782","7805","37"
"8036","3769","7839","37"
"8041","3782","8047","37"
"8046","3785","7909","37"
"8051","3760","8683","37"
"8056","3790","8347","37"
"8061","3787","9134","37"
"8066","3798","7812","35"
"8071","3769","8710","35"
"8077","3760","8131","35"
"8082","3779","8468","35"
"8087","3782","8108","35"
"8092","3769","8841","35"
"8097","3756","7798","35"
"8102","3782","8330","35"
"8107","3790","8091","35"
"8112","3756","8848","35"
"8117","3744","8135","35"
"8123","3752","8693","35"
"8128","3768","8131","35"
"8133","3773","8091","35"
"8138","3769","8340","35"
"8143","3773","7859","35"
"8148","3777","7980","35"
"8153","3769","8252","35"
"8159","3773","7778","35"
"8164","3755","8444","35"
"8169","3782","8286","35"
"8174","3761","8394","35"
"8179","3765","8286","35"
"8184","3763","7815","35"
"8189","3768","8239","35"
"8194","3741","8333","35"
"8200","3738","8124","35"
"8205","3744","7936","35"
"8210","3751","8108","34"
"8215","3754","8347","34"
"8220","3756","8834","34"
"8225","3749","8219","34"
"8230","3751","8683","34"
"8235","3751","9093","34"
"8241","3756","8892","34"
"8246","3741","8040","34"
"8251","3764","8727","34"
"8256","3765","7805","34"
"8261","3744","8693","34"
"8266","3762","8451","33"
"8271","3754","8824","33"
"8276","3759","8289","33"
"8282","3748","8599","33"
"8287","3767","8357","33"
"8292","3760","8764","33"
"8297","3741","7815","33"
"8302","3762","8195","33"
"8307","3744","8313","33"
"8312","3752","8451","33"
"8317","3755","8114","33"
"8323","3755","7795","33"
"8328","3757","8101","33"
"8333","3754","8417","33"
"8338","3734","8347","33"
"8343","3742","8558","33"
"8348","3730","8158","33"
"8353","3744","8195","33"
"8358","3744","8511","33"
"8364","3750","8175","33"
"8369","3738","9214","33"
"8374","3760","8013","33"
"8379","3752","8269","33"
"8384","3760","8064","33"
"8389","3757","8764","33"
"8394","3758","8192","33"
"8399","3760","8710","33"
"8405","3760","8636","33"
"8410","3742","8774","32"
"8415","3760","8195","32"
"8420","3742","8377","32"
"8425","3758","8124","32"
"8430","3744","8925","32"
"8435","3736","9248","32"
"8440","3736","8902","32"
"8446","3718","8357","32"
"8451","3729","9046","32"
"8456","3729","8306","32"
"8461","3734","8834","32"
"8466","3723","8131","32"
"8471","3739","8592","32"
"8476","3731","8256","32"
"8481","3745","8175","32"
"8487","3740","8037","32"
"8492","3710","8040","32"
"8497","3732","7960","32"
"8502","3734","8390","32"
"8507","3740","8286","32"
"8512","3720","8246","32"
"8517","3707","8246","32"
"8522","3753","8108","32"
"8528","3747","8340","32"
"8533","3716","8340","32"
"8538","3729","8135","32"
"8543","3734","7805","32"
"8548","3747","8394","32"
"8553","3744","8101","32"
"8558","3715","8131","32"
"8563","3757","7933","32"
"8568","3739","8834","32"
"8574","3747","8360","32"
"8579","3761","8787","31"
"8584","3758","7865","31"
"8589","3755","8632","31"
"8594","3752","8124","31"
"8599","3749","8892","31"
"8604","3734","8101","31"
"8609","3753","8606","31"
"8615","3750","8373","31"
"8620","3739","8360","31"
"8625","3737","8101","31"
"8630","3740","8831","31"
"8635","3739","8330","31"
"8640","3718","8865","31"
"8645","3761","8225","31"
"8650","3739","8195","31"
"8656","3750","8256","31"
"8661","3721","8101","31"
"8666","3762","7892","31"
"8671","3743","8131","31"
"8676","3766","7997","31"
"8681","3761","8168","31"
"8686","3774","8229","31"
"8691","3753","7919","31"
"8697","3750","8347","31"
"8702","3764","8047","31"
"8707","3756","8027","31"
"8712","3754","8357","31"
"8717","3748","8390","31"
"8722","3762","8108","31"
"8727","3758","8114","31"
"8732","3758","8114","31"
"8738","3753","8098","31"
"8743","3756","7822","31"
"8748","3758","8770","31"
"8753","3745","8340","31"
"8758","3767","8471","31"
"8763","3756","8185","31"
"8768","3746","8925","31"
"8773","3748","8185","31"
"8779","3759","8417","31"
"8784","3731","7872","31"
"8789","3730","8720","31"
"8794","3743","8400","31"
"8799","3717","8780","31"
"8804","3731","8229","31"
"8809","3735","8686","31"
"8814","3720","7865","31"
"8820","3743","8770","31"
"8825","3714","7953","31"
"8830","3728","7980","31"
"8835","3725","8313","31"
"8840","3741","8333","31"
"8845","3720","8225","31"
"8850","3741","8064","31"
"8855","3744","8360","31"
"8861","3722","8505","31"
"8866","3712","8124","31"
"8871","3735","8131","31"
"8876","3717","8108","31"
"8881","3725","8286","31"
"8886","3717","8131","30"
"8891","3710","7936","30"
"8896","3722","8269","30"
"8901","3708","8340","30"
"8907","3725","8333","30"
"8912","3725","7711","30"
"8917","3727","8908","30"
"8922","3736","7960","30"
"8927","3716","8929","30"
"8932","3730","7859","30"
"8937","3703","8686","30"
"8942","3717","8333","30"
"8948","3716","8659","30"
"8953","3720","8299","30"
"8958","3709","8592","30"
"8963","3728","8054","30"
"8968","3717","8979","30"
"8973","3712","8313","30"
"8978","3719","8774","30"
"8983","3736","7876","30"
"8989","3716","8743","30"
"8994","3703","8572","30"
"8999","3725","8925","30"
"9004","3712","8219","30"
"9009","3690","8165","30"
"9014","3712","8451","30"
"9019","3723","8175","30"
"9024","3715","8377","30"
"9030","3718","8357","29"
"9035","3697","7812","29"
"9040","3686","8124","29"
"9045","3702","7751","29"
"9050","3712","8461","29"
"9055","3705","7781","29"
"9060","3710","8225","28"
"9065","3697","7795","28"
"9071","3715","8225","28"
"9076","3692","8108","28"
"9081","3712","8101","28"
"9086","3715","8124","28"
"9091","3707","8158","28"
"9096","3718","9117","28"
"9101","3720","8407","28"
"9106","3724","8868","28"
"9112","3707","8098","28"
"9117","3691","8929","28"
"9122","3715","8357","28"
"9127","3716","8945","28"
"9132","3700","8098","28"
"9137","3712","8780","28"
"9142","3729","7926","28"
"9147","3717","8945","28"
"9152","3728","8064","28"
"9158","3709","8696","28"
"9163","3696","8175","28"
"9168","3699","8908","28"
"9173","3701","8135","28"
"9178","3710","8770","28"
"9183","3726","8256","28"
"9188","3721","7842","28"
"9193","3699","7842","28"
"9199","3717","7795","28"
"9204","3717","8175","28"
"9209","3713","8269","28"
"9214","3712","8256","28"
"9219","3688","8151","28"
"9224","3710","8505","28"
"9229","3664","8027","28"
"9234","3718","7596","28"
"9240","3710","8407","28"
"9245","3712","8373","28"
"9250","3726","8135","28"
"9255","3719","7953","28"
"9260","3714","8175","28"
"9265","3701","7849","28"
"9270","3727","7987","28"
"9275","3700","8360","28"
"9281","3725","8135","28"
"9286","3706","8797","28"
"9291","3717","8131","28"
"9296","3708","8394","28"
"9301","3720","8114","28"
"9306","3716","8599","28"
"9311","3716","8340","28"
"9316","3700","8881","28"
"9322","3720","8333","28"
"9327","3712","8693","28"
"9332","3701","8316","28"
"9337","3735","8770","28"
"9342","3701","8538","28"
"9347","3720","8912","28"
"9352","3708","8357","28"
"9357","3716","8686","28"
"9363","3719","8037","28"
"9368","3714","8131","28"
"9373","3719","8279","28"
"9378","3739","8390","28"
"9383","3705","8131","28"
"9388","3726","8195","28"
"9393","3702","7960","28"
"9398","3698","8306","28"
"9404","3702","7832","28"
"9409","3716","8256","28"
"9414","3682","8124","28"
"9419","3724","8165","28"
"9424","3698","7976","28"
"9429","3705","7936","28"
"9434","3729","7781","28"
"9439","3715","8158","28"
"9444","3705","8108","28"
"9450","3724","8444","28"
"9455","3715","8135","28"
"9460","3726","8451","28"
"9465","3729","8532","28"
"9470","3719","7906","28"
"9475","3729","8373","28"
"9480","3713","8347","28"
"9485","3710","8918","28"
"9491","3712","8098","28"
"9496","3711","8710","28"
"9501","3701","8131","28"
"9506","3696","8865","28"
"9511","3692","7805","28"
"9516","3704","8848","28"
"9521","3714","7754","28"
"9526","3700","9272","28"
"9532","3719","8135","28"
"9537","3672","8774","28"
"9542","3679","8081","28"
"9547","3703","8340","28"
"9552","3685","8333","28"
"9557","3700","8108","28"
"9562","3714","8437","28"
"9567","3703","8468","28"
"9573","3711","8306","28"
"9578","3711","8330","28"
"9583","3698","8114","28"
"9588","3724","8151","28"
"9593","3709","7953","28"
"9598","3716","8124","28"
"9603","3690","8010","28"
"9608","3707","8286","28"
"9614","3704","8330","28"
"9619","3702","8165","28"
"9624","3701","8286","28"
"9629","3688","8165","28"
"9634","3707","8407","28"
"9639","3718","8495","28"
"9644","3694","8626","28"
"9649","3689","8108","28"
"9655","3704","8575","28"
"9660","3699","8367","28"
"9665","3689","8693","28"
"9670","3701","8256","28"
"9675","3706","8848","28"
"9680","3699","7815","28"
"9685","3704","8868","28"
"9690","3667","8330","28"
"9695","3702","8834","28"
"9701","3693","8010","28"
"9706","3680","8952","28"
"9711","3686","8313","28"
"9716","3691","8683","27"
"9721","3670","8313","27"
"9726","3666","8225","27"
"9731","3705","8091","27"
"9736","3668","8373","27"
"9742","3674","8246","27"
"9747","3700","8505","27"
"9752","3695","8027","27"
"9757","3700","7859","27"
"9762","3691","8538","27"
"9767","3686","7926","27"
"9772","3694","8239","27"
"9777","3703","8114","27"
"9783","3700","8114","27"
"9788","3686","8114","27"
"9793","3692","8357","27"
"9798","3699","8141","27"
"9803","3691","8124","27"
"9808","3711","8212","27"
"9813","3674","8710","27"
"9818","3686","8377","27"
"9824","3674","8693","27"
"9829","3686","7812","27"
"9834","3674","8683","27"
"9839","3702","8151","27"
"9844","3700","8848","27"
"9849","3692","8101","27"
"9854","3688","8824","27"
"9859","3675","8495","27"
"9865","3697","8713","27"
"9870","3670","8377","26"
"9875","3692","8683","26"
"9880","3668","7849","26"
"9885","3679","9248","26"
"9890","3675","8124","26"
"9895","3670","8686","26"
"9900","3697","8148","26"
"9906","3652","8101","24"
"9911","3683","8114","24"
"9916","3651","8219","24"
"9921","3667","8158","24"
"9926","3663","8091","24"
"9931","3684","8461","24"
"9936","3671","8131","24"
"9941","3692","7966","24"
"9947","3667","7812","24"
"9952","3657","9033","24"
"9957","3671","8165","24"
"9962","3705","8135","24"
"9967","3705","8333","24"
"9972","3713","8195","24"
"9977","3683","8797","24"
"9982","3700","8306","24"
"9987","3697","8461","24"
"9993","3697","8868","24"
"9998","3692","8417","24"
"10003","3694","8804","24"
"10008","3684","8131","24"
"10013","3692","8875","24"
"10018","3692","8175","24"
"10023","3683","9066","24"
"10028","3668","7778","24"
"10034","3695","8669","24"
"10039","3691","8101","24"
"10044","3694","8770","24"
"10049","3684","8357","24"
"10054","3700","8693","24"
"10059","3691","7966","24"
"10064","3695","8952","24"
"10069","3700","8461","24"
"10075","3692","8696","24"
"10080","3667","8135","24"
"10085","3669","8831","24"
"10090","3681","8131","24"
"10095","3670","8272","24"
"10100","3680","7839","24"
"10105","3680","8219","24"
"10110","3670","8256","24"
"10116","3677","8461","24"
"10121","3678","8286","24"
"10126","3669","8101","24"
"10131","3665","8427","24"
"10136","3675","8124","24"
"10141","3669","7778","24"
"10146","3659","8417","24"
"10151","3659","8168","24"
"10157","3678","8124","24"
"10162","3678","8377","24"
"10167","3670","8168","24"
"10172","3654","8659","24"
"10177","3678","8135","24"
"10182","3678","8468","24"
"10187","3652","7822","24"
"10192","3685","8360","24"
"10198","3668","8252","24"
"10203","3684","8666","24"
"10208","3684","7865","24"
"10213","3689","8669","24"
"10218","3678","8330","24"
"10223","3670","8636","24"
"10228","3686","8340","24"
"10233","3668","8545","24"
"10238","3678","8141","24"
"10244","3681","8986","24"
"10249","3668","7960","24"
"10254","3673","8696","24"
"10259","3673","8131","24"
"10264","3691","8192","24"
"10269","3686","8135","24"
"10274","3683","8340","24"
"10279","3678","7754","24"
"10285","3668","8114","24"
"10290","3684","8114","24"
"10295","3691","7980","24"
"10300","3681","8659","24"
"10305","3676","8202","24"
"10310","3684","7997","24"
"10315","3663","8047","24"
"10320","3670","7892","24"
"10326","3684","7781","24"
"10331","3679","8754","24"
"10336","3697","7993","24"
"10341","3687","8269","24"
"10346","3687","8316","24"
"10351","3694","8185","24"
"10356","3673","8461","24"
"10361","3686","8683","24"
"10367","3679","8064","24"
"10372","3687","8814","24"
"10377","3681","8081","24"
"10382","3668","8532","24"
"10387","3687","8101","24"
"10392","3679","9245","24"
"10397","3660","7997","24"
"10402","3670","8824","24"
"10408","3684","8333","24"
"10413","3679","8669","24"
"10418","3678","8064","24"
"10423","3658","9100","24"
"10428","3670","8272","24"
"10433","3678","8902","24"
"10438","3636","8269","24"
"10443","3657","8693","24"
"10448","3633","8347","24"
"10454","3663","8027","24"
"10459","3686","8229","24"
"10464","3668","8185","24"
"10469","3663","8252","24"
"10474","3638","8555","24"
"10479","3639","8340","24"
"10484","3646","8360","24"
"10489","3681","8434","24"
"10495","3660","8340","24"
"10500","3673","8340","24"
"10505","3651","8373","24"
"10510","3654","8989","24"
"10515","3668","7993","24"
"10520","3667","8252","24"
"10525","3647","7842","24"
"10530","3667","8286","24"
"10536","3667","7788","24"
"10541","3646","8686","24"
"10546","3673","8040","24"
"10551","3639","8710","24"
"10556","3662","8306","22"
"10561","3657","8316","22"
"10566","3659","8013","22"
"10571","3642","8686","22"
"10577","3657","8572","22"
"10582","3657","8713","22"
"10587","3623","8279","22"
"10592","3649","8841","22"
"10597","3652","8135","22"
"10602","3662","8696","22"
"10607","3662","8333","22"
"10612","3642","8427","22"
"10618","3657","8158","22"
"10623","3654","9093","22"
"10628","3652","8141","22"
"10633","3649","8246","22"
"10638","3657","8098","22"
"10643","3638","8195","22"
"10648","3639","7892","22"
"10653","3650","8239","22"
"10659","3641","8108","22"
"10664","3642","8279","22"
"10669","3652","8192","22"
"10674","3649","8135","22"
"10679","3649","8313","22"
"10684","3649","8357","22"
"10689","3642","8390","22"
"10694","3647","8360","22"
"10700","3650","8131","22"
"10705","3634","8114","22"
"10710","3647","8185","21"
"10715","3634","7815","21"
"10720","3633","8979","21"
"10725","3642","8013","21"
"10730","3634","8868","21"
"10735","3638","8135","21"
"10741","3647","8831","20"
"10746","3639","8246","20"
"10751","3652","8804","20"
"10756","3638","8347","20"
"10761","3642","8918","20"
"10766","3636","7933","20"
"10771","3649","8511","20"
"10776","3636","8347","20"
"10782","3626","8841","20"
"10787","3638","8229","20"
"10792","3635","8696","20"
"10797","3629","8347","20"
"10802","3621","9601","20"
"10807","3592","8330","20"
"10812","3619","8340","20"
"10817","3618","7795","20"
"10823","3630","8407","20"
"10828","3621","8135","20"
"10833","3608","8135","20"
"10838","3614","8239","20"
"10843","3634","8047","20"
"10848","3630","8225","20"
"10853","3630","8027","20"
"10858","3618","11257","20"
"10864","3619","8124","20"
"10869","3630","8272","20"
"10874","3643","8141","20"
"10879","3629","8071","20"
"10884","3621","8316","20"
"10889","3626","8246","20"
"10894","3642","8151","20"
"10899","3611","8686","20"
"10904","3617","8272","20"
"10910","3582","8892","19"
"10915","3622","8330","19"
"10920","3612","8693","19"
"10925","3611","8101","19"
"10930","3620","8373","19"
"10935","3611","8373","19"
"10940","3624","8969","19"
"10945","3611","8488","19"
"10951","3612","8454","19"
"10956","3617","7842","19"
"10961","3585","8696","19"
"10966","3633","8108","19"
"10971","3620","8858","19"
"10976","3612","8495","19"
"10981","3624","8902","18"
"10986","3619","7839","18"
"10992","3585","8246","18"
"10997","3608","7822","18"
"11002","3616","8394","18"
"11007","3608","8373","18"
"11012","3603","7822","18"
"11017","3599","8269","18"
"11022","3604","8367","18"
"11028","3626","8091","18"
"11033","3612","8347","18"
"11038","3601","8256","18"
"11043","3628","7966","18"
"11048","3602","8040","18"
"11053","3617","8165","18"
"11058","3633","7960","18"
"11063","3620","7781","18"
"11069","3620","8686","18"
"11074","3612","8340","18"
"11079","3614","8986","18"
"11084","3605","8229","18"
"11089","3601","8730","18"
"11094","3617","7805","18"
"11099","3575","8797","17"
"11104","3597","8340","17"
"11109","3614","8754","17"
"11115","3599","8279","17"
"11120","3620","8754","17"
"11125","3591","8131","17"
"11130","3617","8683","17"
"11135","3620","8360","17"
"11140","3616","8400","17"
"11145","3600","8081","17"
"11150","3614","8064","17"
"11156","3624","8212","17"
"11161","3603","8135","17"
"11166","3624","8279","17"
"11171","3640","8269","17"
"11176","3603","9040","17"
"11181","3624","8071","17"
"11186","3611","8047","17"
"11191","3625","8165","17"
"11197","3625","7822","17"
"11202","3588","8114","17"
"11207","3606","8229","17"
"11212","3624","7778","17"
"11217","3609","8333","17"
"11222","3616","8468","17"
"11227","3627","8286","17"
"11232","3627","7892","17"
"11238","3619","8252","17"
"11243","3629","8952","17"
"11248","3630","8918","17"
"11253","3610","7960","17"
"11258","3618","8865","17"
"11263","3586","8286","17"
"11268","3636","8757","17"
"11273","3625","8565","17"
"11279","3604","8373","17"
"11284","3621","8360","17"
"11289","3621","9652","17"
"11294","3618","8407","17"
"11299","3615","8747","17"
"11304","3613","8212","17"
"11309","3617","8666","17"
"11314","3621","7583","17"
"11320","3617","8427","17"
"11325","3621","8135","17"
"11330","3581","8424","17"
"11335","3588","8360","17"
"11340","3604","8495","17"
"11345","3610","8202","17"
"11350","3610","7872","17"
"11355","3578","8165","17"
"11361","3604","8202","17"
"11366","3607","8289","17"
"11371","3604","8246","16"
"11376","3615","8313","16"
"11381","3599","8256","16"
"11386","3597","7966","16"
"11391","3602","8040","16"
"11396","3604","8091","16"
"11402","3596","8168","16"
"11407","3597","8394","16"
"11412","3610","8649","16"
"11417","3597","8390","16"
"11422","3610","8168","16"
"11427","3597","8417","16"
"11432","3599","8124","16"
"11437","3594","8636","16"
"11443","3604","8101","16"
"11448","3602","8929","16"
"11453","3599","8390","16"
"11458","3584","9426","16"
"11463","3602","8333","16"
"11468","3596","8979","16"
"11473","3602","8246","16"
"11478","3599","8770","16"
"11484","3597","8037","16"
"11489","3613","8727","16"
"11494","3602","7987","16"
"11499","3582","8609","16"
"11504","3606","8669","16"
"11509","3608","7936","16"
"11514","3587","8124","16"
"11519","3590","8239","16"
"11525","3592","8347","16"
"11530","3600","7889","16"
"11535","3614","8158","16"
"11540","3597","8124","16"
"11545","3619","8114","16"
"11550","3600","8225","16"
"11555","3589","8135","16"
"11560","3587","8091","16"
"11566","3603","8286","16"
"11571","3582","8246","16"
"11576","3592","8468","16"
"11581","3600","8252","16"
"11586","3592","8357","16"
"11591","3613","7889","16"
"11596","3600","8572","16"
"11601","3595","8252","16"
"11606","3594","8693","16"
"11612","3580","8279","16"
"11617","3602","8737","16"
"11622","3601","8229","16"
"11627","3583","8683","16"
"11632","3559","7943","16"
"11637","3582","8955","15"
"11642","3598","8299","15"
"11647","3585","8952","15"
"11653","3594","8131","15"
"11658","3564","8807","15"
"11663","3583","8114","15"
"11668","3574","8962","15"
"11673","3598","7872","15"
"11678","3545","8545","15"
"11683","3585","8256","15"
"11688","3564","8367","15"
"11694","3580","8027","15"
"11699","3582","8135","15"
"11704","3583","8151","15"
"11709","3585","7781","15"
"11714","3575","8020","15"
"11719","3580","8027","15"
"11724","3579","8306","15"
"11729","3579","7919","15"
"11735","3586","8360","15"
"11740","3576","8151","15"
"11745","3568","8515","15"
"11750","3581","7997","15"
"11755","3573","7408","15"
"11760","3579","7892","15"
"11765","3583","7970","15"
"11770","3559","8108","15"
"11776","3583","8175","15"
"11781","3559","8229","15"
"11786","3571","8515","15"
"11791","3589","7812","15"
"11796","3554","8669","15"
"11801","3570","8313","15"
"11806","3562","8239","14"
"11811","3578","8340","14"
"11817","3583","8669","14"
"11822","3587","8185","14"
"11827","3592","8686","14"
"11832","3581","7553","14"
"11837","3591","8333","14"
"11842","3586","8114","14"
"11847","3573","8865","14"
"11852","3573","8054","14"
"11858","3586","8868","14"
"11863","3538","8098","14"
"11868","3571","8279","14"
"11873","3579","8427","14"
"11878","3566","7960","14"
"11883","3571","7788","14"
"11888","3542","7970","14"
"11893","3568","7943","14"
"11899","3555","7616","14"
"11904","3566","7960","14"
"11909","3570","7744","14"
"11914","3547","8040","14"
"11919","3563","8269","14"
"11924","3566","7872","13"
"11929","3547","8296","13"
"11934","3574","7936","13"
"11940","3558","7583","13"
"11945","3581","7889","13"
"11950","3563","7754","13"
"11955","3570","7960","13"
"11960","3576","7993","13"
"11965","3581","8713","13"
"11970","3586","7522","13"
"11975","3572","11822","13"
"11980","3572","8787","13"
"11986","3568","8643","13"
"11991","3588","7876","13"
"11996","3599","8538","13"
"12001","3555","7865","13"
"12006","3572","8918","13"
"12011","3592","8054","13"
"12016","3581","8124","13"
"12021","3584","7839","13"
"12027","3568","8710","13"
"12032","3580","8195","13"
"12037","3563","8804","13"
"12042","3568","7616","13"
"12047","3575","8515","13"
"12052","3547","7936","13"
"12057","3576","8444","13"
"12062","3573","8394","13"
"12068","3563","7889","13"
"12073","3565","7768","13"
"12078","3580","8040","13"
"12083","3555","8333","13"
"12088","3576","7872","13"
"12093","3563","7899","13"
"12098","3554","7839","13"
"12103","3572","8158","13"
"12109","3570","7509","13"
"12114","3555","7754","13"
"12119","3581","7953","13"
"12124","3592","8229","13"
"12129","3576","7613","13"
"12134","3580","7398","13"
"12139","3573","7966","13"
"12144","3555","8289","13"
"12150","3559","8488","13"
"12155","3572","8929","13"
"12160","3572","7442","13"
"12165","3560","8313","13"
"12170","3573","7781","13"
"12175","3589","8347","13"
"12180","3586","7717","13"
"12185","3536","8538","13"
"12190","3575","7936","13"
"12196","3554","8693","13"
"12201","3588","7950","13"
"12206","3566","8417","13"
"12211","3554","8192","13"
"12216","3564","8710","13"
"12221","3542","7734","13"
"12226","3574","8330","13"
"12231","3585","7734","13"
"12237","3575","8659","13"
"12242","3562","8696","13"
"12247","3566","7812","13"
"12252","3561","7849","13"
"12257","3582","7966","13"
"12262","3582","8225","13"
"12267","3566","8158","13"
"12272","3553","8010","13"
"12278","3564","8047","13"
"12283","3582","7442","13"
"12288","3569","8212","13"
"12293","3550","8256","13"
"12298","3575","7859","12"
"12303","3570","7987","12"
"12308","3559","7738","12"
"12313","3566","7812","12"
"12319","3557","8306","12"
"12324","3560","7993","12"
"12329","3577","8135","12"
"12334","3568","8686","12"
"12339","3568","7980","12"
"12344","3552","8636","12"
"12349","3577","7997","12"
"12354","3574","8495","12"
"12360","3569","8340","12"
"12365","3568","8010","12"
"12370","3563","7943","12"
"12375","3568","7980","12"
"12380","3565","8165","12"
"12385","3577","8306","12"
"12390","3577","7987","12"
"12395","3565","8306","12"
"12401","3569","7398","12"
"12406","3560","8683","12"
"12411","3568","7563","12"
"12416","3552","8299","12"
"12421","3548","7987","12"
"12426","3553","8101","12"
"12431","3566","7728","12"
"12436","3554","7751","12"
"12442","3566","7751","12"
"12447","3537","8945","12"
"12452","3558","7795","12"
"12457","3548","8478","12"
"12462","3559","7933","12"
"12467","3575","7997","12"
"12472","3562","8091","12"
"12477","3550","8299","12"
"12483","3582","7573","12"
"12488","3554","7660","12"
"12493","3545","7485","12"
"12498","3570","7805","12"
"12503","3561","7960","12"
"12508","3546","8091","12"
"12513","3548","7633","12"
"12518","3553","8114","12"
"12524","3570","8394","12"
"12529","3559","8027","12"
"12534","3566","8165","12"
"12539","3564","7889","12"
"12544","3558","8219","12"
"12549","3537","7435","12"
"12554","3538","8747","12"
"12559","3569","7788","12"
"12565","3561","8925","12"
"12570","3566","7876","12"
"12575","3548","9063","12"
"12580","3574","7865","12"
"12585","3551","8454","12"
"12590","3556","7485","12"
"12595","3535","8114","12"
"12600","3569","7876","12"
"12606","3553","9117","12"
"12611","3582","7960","12"
"12616","3542","7401","12"
"12621","3562","7960","12"
"12626","3562","8135","12"
"12631","3551","8081","12"
"12636","3561","7717","12"
"12641","3550","7734","12"
"12647","3577","7936","12"
"12652","3553","7553","12"
"12657","3566","7795","12"
"12662","3529","7832","12"
"12667","3543","7701","12"
"12672","3556","7916","12"
"12677","3551","7717","12"
"12682","3561","8407","12"
"12687","3550","7717","12"
"12693","3553","8892","12"
"12698","3551","7771","12"
"12703","3567","8727","12"
"12708","3572","8286","12"
"12713","3569","8774","12"
"12718","3540","7839","12"
"12723","3540","8256","12"
"12728","3556","7418","12"
"12734","3521","8511","12"
"12739","3545","7754","12"
"12744","3543","8666","12"
"12749","3566","8114","11"
"12754","3540","8192","11"
"12759","3543","8299","11"
"12764","3537","8195","11"
"12769","3559","7512","11"
"12775","3562","8101","11"
"12780","3543","7778","11"
"12785","3555","8148","11"
"12790","3558","8098","11"
"12795","3545","7953","11"
"12800","3549","8505","11"
"12805","3545","7754","11"
"12810","3553","8373","11"
"12816","3542","7993","11"
"12821","3557","7970","11"
"12826","3553","8047","11"
"12831","3542","8141","11"
"12836","3523","8316","11"
"12841","3516","7936","11"
"12846","3560","7738","11"
"12851","3555","8081","11"
"12857","3547","7980","11"
"12862","3547","8286","11"
"12867","3534","7771","11"
"12872","3537","7899","11"
"12877","3550","7734","11"
"12882","3547","8313","11"
"12887","3561","7734","11"
"12892","3539","8313","11"
"12898","3547","7889","11"
"12903","3556","8313","11"
"12908","3543","8108","11"
"12913","3558","8622","11"
"12918","3537","8081","11"
"12923","3542","8515","11"
"12928","3545","8091","11"
"12933","3513","8185","11"
"12939","3553","7522","11"
"12944","3542","8743","11"
"12949","3546","7553","11"
"12954","3553","8010","11"
"12959","3538","8108","11"
"12964","3559","7761","11"
"12969","3548","8202","11"
"12974","3519","8124","11"
"12980","3542","7243","11"
"12985","3546","7667","11"
"12990","3537","7556","11"
"12995","3553","7728","10"
"13000","3538","7694","10"
"13005","3537","8064","10"
"13010","3537","7822","10"
"13015","3553","7431","10"
"13021","3537","7512","10"
"13026","3516","8306","10"
"13031","3532","8013","10"
"13036","3543","8064","10"
"13041","3537","7734","10"
"13046","3532","8377","10"
"13051","3553","7711","10"
"13056","3517","7734","9"
"13062","3529","8256","9"
"13067","3522","7509","9"
"13072","3525","8814","9"
"13077","3516","8091","9"
"13082","3517","8955","9"
"13087","3532","8313","9"
"13092","3506","12003","9"
"13097","3530","8417","9"
"13103","3521","8532","9"
"13108","3537","7933","9"
"13113","3506","8212","9"
"13118","3522","7778","9"
"13123","3519","8572","9"
"13128","3545","7953","9"
"13133","3543","8451","9"
"13138","3536","7943","9"
"13144","3528","8367","9"
"13149","3529","8246","9"
"13154","3502","8225","9"
"13159","3537","7970","9"
"13164","3524","8306","9"
"13169","3524","7778","9"
"13174","3526","8340","9"
"13179","3553","7721","9"
"13185","3540","7754","9"
"13190","3545","7728","9"
"13195","3529","7822","9"
"13200","3536","8330","9"
"13205","3529","7657","9"
"13210","3529","8548","9"
"13215","3528","7919","9"
"13220","3515","7717","9"
"13226","3537","8108","9"
"13231","3528","7479","9"
"13236","3516","7795","9"
"13241","3534","8360","9"
"13246","3528","7889","9"
"13251","3542","8713","9"
"13256","3493","7872","9"
"13261","3507","8727","9"
"13267","3514","7805","9"
"13272","3523","8666","9"
"13277","3523","7997","9"
"13282","3518","8229","9"
"13287","3536","7805","9"
"13292","3522","8272","9"
"13297","3530","7721","9"
"13302","3509","8720","9"
"13308","3527","7613","7"
"13313","3515","7980","7"
"13318","3514","8131","7"
"13323","3530","8565","7"
"13328","3514","8195","7"
"13333","3520","7468","7"
"13338","3509","7754","7"
"13343","3522","7781","7"
"13349","3539","7781","7"
"13354","3527","7738","7"
"13359","3531","8108","7"
"13364","3504","7425","7"
"13369","3485","7721","7"
"13374","3498","7899","7"
"13379","3509","8192","7"
"13384","3509","7943","7"
"13389","3504","8151","7"
"13395","3512","7721","7"
"13400","3507","7842","7"
"13405","3517","7744","7"
"13410","3496","8444","7"
"13415","3494","7950","7"
"13420","3504","7919","7"
"13425","3504","7425","7"
"13430","3515","8925","7"
"13436","3496","7899","7"
"13441","3491","8306","7"
"13446","3486","8357","7"
"13451","3506","8521","7"
"13456","3509","7916","7"
"13461","3512","8212","7"
"13466","3486","7849","7"
"13471","3483","8286","6"
"13477","3485","8013","6"
"13482","3506","8202","6"
"13487","3493","7953","6"
"13492","3498","8279","6"
"13497","3509","7872","6"
"13502","3500","8390","6"
"13507","3481","8256","5"
"13512","3509","7674","5"
"13518","3500","7711","5"
"13523","3521","7970","5"
"13528","3493","7674","5"
"13533","3505","7805","5"
"13538","3527","7822","5"
"13543","3479","7640","5"
"13548","3489","7738","5"
"13554","3501","7556","5"
"13559","3501","7876","5"
"13564","3493","8165","5"
"13569","3508","7936","5"
"13574","3521","8360","5"
"13579","3493","7579","5"
"13584","3514","7966","5"
"13589","3505","7788","5"
"13595","3493","8394","5"
"13600","3501","8252","5"
"13605","3514","7347","5"
"13610","3491","8865","5"
"13615","3491","7966","5"
"13620","3494","8727","5"
"13625","3485","8279","5"
"13630","3485","8622","5"
"13636","3486","7832","5"
"13641","3512","8219","5"
"13646","3501","7468","5"
"13651","3498","7943","5"
"13656","3494","7761","5"
"13661","3493","8444","5"
"13666","3502","7721","5"
"13671","3485","7701","5"
"13677","3499","8131","5"
"13682","3478","8246","5"
"13687","3493","7916","5"
"13692","3486","8340","5"
"13697","3498","7371","5"
"13702","3496","7640","5"
"13707","3502","7936","5"
"13712","3477","8135","5"
"13718","3490","7778","4"
"13723","3494","8101","4"
"13728","3503","7970","4"
"13733","3471","7960","4"
"13738","3513","7371","4"
"13743","3490","8064","4"
"13748","3517","7485","4"
"13753","3498","7943","4"
"13759","3500","7418","4"
"13764","3484","7970","4"
"13769","3500","8074","4"
"13774","3498","7815","4"
"13779","3492","8488","4"
"13784","3468","8074","4"
"13789","3493","8565","4"
"13794","3495","8289","4"
"13799","3468","8892","4"
"13805","3501","7643","4"
"13810","3497","9040","4"
"13815","3493","8013","4"
"13820","3484","8865","4"
"13825","3501","7781","4"
"13830","3492","8918","4"
"13835","3509","7781","4"
"13840","3511","8040","4"
"13846","3495","7798","4"
"13851","3508","8538","4"
"13856","3505","8360","4"
"13861","3508","8101","4"
"13866","3498","7953","4"
"13871","3503","8360","4"
"13876","3477","7721","4"
"13881","3461","7728","4"
"13887","3505","7953","4"
"13892","3479","7849","4"
"13897","3500","8313","4"
"13902","3490","7771","4"
"13907","3506","7906","4"
"13912","3521","7926","4"
"13917","3503","7987","4"
"13922","3492","8101","4"
"13928","3498","8192","4"
"13933","3476","7906","4"
"13938","3476","7936","4"
"13943","3472","7953","4"
"13948","3469","8192","4"
"13953","3511","7401","4"
"13958","3487","8558","4"
"13963","3508","7754","4"
"13969","3509","8720","4"
"13974","3514","11092","4"
"13979","3493","8666","4"
"13984","3513","7452","4"
"13989","3514","8357","4"
"13994","3458","7812","4"
"13999","3498","8390","4"
"14004","3488","7408","4"
"14010","3487","8545","4"
"14015","3513","7721","4"
"14020","3487","8451","4"
"14025","3487","7744","4"
"14030","3503","8256","4"
"14035","3492","8081","4"
"14040","3488","8367","4"
"14045","3495","8252","4"
"14051","3498","7899","4"
"14056","3498","7872","4"
"14061","3501","7916","4"
"14066","3496","7721","4"
"14071","3501","7832","4"
"14076","3493","7849","4"
"14081","3498","8333","4"
"14086","3482","7892","4"
"14091","3474","8081","4"
"14097","3493","7849","4"
"14102","3458","7717","4"
"14107","3488","7761","4"
"14112","3468","7711","4"
"14117","3493","7600","4"
"14122","3468","7728","4"
"14127","3498","7832","4"
"14132","3474","8185","4"
"14138","3471","7960","4"
"14143","3472","8340","4"
"14148","3477","8424","4"
"14153","3471","8373","4"
"14158","3456","8306","4"
"14163","3479","8212","4"
"14168","3477","8272","4"
"14173","3501","7960","4"
"14179","3495","8515","4"
"14184","3471","8299","4"
"14189","3476","8330","4"
"14194","3476","7795","4"
"14199","3458","8451","4"
"14204","3482","7768","4"
"14209","3442","8814","3"
"14214","3461","7960","3"
"14220","3476","8360","3"
"14225","3477","7425","3"
"14230","3456","8659","3"
"14235","3474","7805","3"
"14240","3485","8124","3"
"14245","3453","7583","3"
"14250","3464","7960","3"
"14255","3482","8202","3"
"14261","3479","7849","3"
"14266","3482","7734","3"
"14271","3463","7872","3"
"14276","3453","7933","3"
"14281","3461","8313","3"
"14286","3479","8081","3"
"14291","3468","7943","3"
"14296","3485","7643","3"
"14302","3476","7690","3"
"14307","3471","7754","3"
"14312","3468","7960","3"
"14317","3468","7738","3"
"14322","3485","7966","3"
"14327","3485","7993","3"
"14332","3477","7805","3"
"14337","3503","8390","3"
"14342","3450","7728","3"
"14348","3477","8299","3"
"14353","3490","7865","3"
"14358","3463","8643","3"
"14363","3458","8027","3"
"14368","3482","8340","3"
"14373","3482","7849","3"
"14378","3472","8306","3"
"14383","3477","7667","3"
"14389","3468","8505","3"
"14394","3464","8347","3"
"14399","3456","8592","3"
"14404","3484","7849","3"
"14409","3464","8505","3"
"14414","3468","7364","3"
"14419","3460","8202","3"
"14424","3455","7539","3"
"14430","3481","8151","3"
"14435","3459","7573","3"
"14440","3490","7815","3"
"14445","3459","7997","3"
"14450","3462","7872","3"
"14455","3467","7953","3"
"14460","3481","8239","3"
"14465","3473","7754","3"
"14471","3457","7418","3"
"14476","3465","8347","3"
"14481","3473","7717","3"
"14486","3464","7943","3"
"14491","3477","7936","3"
"14496","3467","7859","3"
"14501","3459","7462","3"
"14506","3488","7899","3"
"14512","3477","7539","3"
"14517","3465","8340","3"
"14522","3475","7805","2"
"14527","3473","8925","2"
"14532","3462","7960","2"
"14537","3477","8306","2"
"14542","3472","7728","2"
"14547","3436","8407","1"
"14553","3468","7906","1"
"14558","3450","7987","1"
"14563","3457","8390","1"
"14568","3450","8373","1"
"14573","3455","8468","1"
"14578","3457","8394","1"
"14583","3460","7805","1"
"14588","3463","8313","1"
"14594","3460","8071","1"
"14599","3453","8306","1"
"14604","3455","7916","1"
"14609","3453","7822","1"
"14614","3450","8289","1"
"14619","3450","7751","1"
"14624","3460","7815","1"
"14629","3442","7408","1"
"14635","3447","8054","1"
"14640","3442","7479","1"
"14645","3466","7751","1"
"14650","3444","8299","1"
"14655","3450","7616","1"
"14660","3455","7865","1"
"14665","3465","7936","1"
"14670","3455","7906","1"
"14676","3468","8299","1"
"14681","3442","7859","1"
"14686","3467","7822","1"
"14691","3446","7781","1"
"14696","3454","8515","1"
"14701","3450","7865","1"
"14706","3459","8367","1"
"14711","3442","8074","1"
"14717","3460","8299","1"
"14722","3459","8269","1"
"14727","3441","8545","1"
"14732","3468","7859","1"
"14737","3467","8548","1"
"14742","3468","8098","1"
"14747","3446","8444","1"
"14752","3467","7832","1"
"14758","3463","8488","1"
"14763","3425","7690","1"
"14768","3442","8289","1"
"14773","3460","7579","1"
"14778","3468","8054","1"
"14783","3446","7616","1"
"14788","3457","7778","1"
"14793","3474","7728","1"
"14799","3455","8444","1"
"14804","3457","8168","1"
"14809","3462","8225","1"
"14814","3455","7738","1"
"14819","3454","7458","1"
"14824","3434","7674","1"
"14829","3458","7906","1"
"14834","3474","7916","1"
"14840","3463","7980","1"
"14845","3465","7485","1"
"14850","3462","7788","1"
"14855","3455","7805","1"
"14860","3458","8296","1"
"14865","3452","7781","1"
"14870","3439","7832","1"
"14875","3447","8373","1"
"14881","3449","7357","1"
"14886","3434","8286","1"
"14891","3455","7899","1"
"14896","3462","8286","1"
"14901","3447","8390","1"
"14906","3452","8330","1"
"14911","3436","7711","1"
